itemid,hasbird
55,0
87,0
99,0
100,1
104,0
156,0
345,0
347,0
349,0
369,0
370,0
371,0
376,0
377,1
378,1
518,1
1042,0
1043,0
1044,0
1045,0
1046,0
1050,1
1051,1
1052,1
1053,0
1054,1
1055,1
1056,0
1748,0
1931,0
1932,1
1933,0
1934,0
1945,0
2151,0
2155,0
2157,1
2421,0
2432,0
2435,0
2519,0
2520,0
2521,0
2522,0
2523,0
2524,0
2525,0
2526,0
2527,0
2528,0
2529,0
2530,0
2531,0
2532,0
2533,0
2534,0
2535,0
2536,1
2537,1
2689,0
3093,0
3126,0
3177,0
3178,0
3179,1
3180,1
3182,1
3183,1
3184,1
3185,1
3186,1
3187,0
3188,1
3189,0
3190,1
3191,1
3202,0
5204,1
5560,0
5929,0
5996,1
5997,0
6108,0
7126,0
7133,0
7151,0
7152,0
7173,0
7174,0
7311,0
7313,0
7314,0
7320,1
7321,0
7456,0
7541,0
7542,0
7543,0
7875,0
7885,0
7886,0
7887,0
7888,0
7889,0
7917,0
7972,0
7991,0
7993,0
7994,0
7995,0
7996,0
8059,1
8060,1
9134,1
9188,0
9190,0
9219,0
9221,0
9223,0
9224,0
9225,0
9226,0
9227,0
9228,0
9229,0
9235,1
9236,0
9239,0
11171,0
11485,1
11505,0
11682,1
11683,0
11684,0
11685,0
11686,0
11687,0
11688,0
11689,0
11690,0
11691,0
11692,0
11693,0
11694,0
11695,0
11696,0
11697,0
11698,0
11699,0
11700,0
11701,0
11702,0
11703,0
11732,1
11735,0
11747,0
12699,0
12703,0
12704,0
12708,0
12710,0
12727,0
12728,0
13735,0
13747,0
13767,1
13774,0
13775,0
13777,1
13779,0
13791,1
13792,0
14313,0
14314,0
14385,0
14386,0
14387,0
14522,0
14523,0
14524,0
14525,0
14526,0
14527,0
14528,0
14529,1
14853,0
14854,1
14909,1
15220,1
15221,1
15222,1
15223,1
15224,1
15225,1
15226,0
15287,0
15290,0
15292,0
15293,0
15295,0
15311,0
15349,0
15351,0
15352,0
15392,1
15422,0
15423,0
15424,0
15426,0
15459,1
15464,0
15465,1
15466,0
15467,1
15468,0
15469,1
15470,0
15471,0
15472,0
15473,0
15474,0
15528,0
15541,1
15542,1
15552,1
15553,0
15598,1
15651,0
15652,0
15653,0
15656,0
15657,1
15659,0
15689,0
15790,0
15791,0
15792,0
15849,1
15850,1
15851,0
16007,0
16008,0
16009,0
16371,0
16372,0
16625,1
16626,1
16627,1
16628,1
16629,0
16633,0
16646,1
16673,0
16765,1
16766,1
16767,1
16770,0
16771,0
16782,0
16783,0
16784,0
16834,1
16835,1
16836,0
16837,0
16988,0
16989,0
16990,0
16991,0
16992,0
16993,0
16994,1
16995,0
17001,0
17002,1
17003,0
17004,0
17005,0
17006,0
17007,1
17008,0
17054,0
17055,0
17056,0
17057,0
17058,0
17059,0
17074,0
17075,0
17076,0
17077,0
17078,0
17079,0
17080,0
17081,0
17082,0
17083,0
17090,0
17091,0
17092,0
17100,0
17134,0
17135,0
17136,0
17138,0
17139,0
17140,0
17142,0
17143,0
17144,0
17146,0
17147,0
17153,0
17154,0
17155,1
17156,0
17185,1
17347,1
17348,1
17349,1
17350,1
17351,1
17352,1
17353,1
17354,1
17355,1
17356,1
17472,0
17505,1
17507,1
17508,1
17509,0
17510,1
17511,0
17512,1
17515,0
17517,1
17546,0
17632,0
17851,1
17852,0
17853,0
17854,0
17855,0
17857,0
17858,0
17859,0
17860,0
17861,1
17862,1
17912,0
17913,0
17915,0
17916,0
17970,1
18038,1
18039,1
18042,0
18043,1
18045,1
18046,1
18047,1
18049,1
18050,1
18052,1
18228,1
18229,0
18230,1
18231,1
18233,1
18515,1
18525,0
18755,0
18756,0
18757,0
18765,1
18766,0
18802,0
18803,0
18804,0
18805,1
18806,0
18807,0
18834,0
18894,0
18905,0
18928,1
18929,1
18930,1
19029,1
19030,0
19033,0
19037,1
19257,1
19258,1
19264,1
19271,0
19375,1
19376,0
19422,1
19423,1
19424,0
19492,1
19493,0
19782,0
19797,0
19912,0
19913,0
19938,0
19992,0
19999,1
20000,0
20001,0
20008,0
20011,1
20016,0
20017,0
20018,0
20019,0
20020,1
20021,1
20022,1
20048,0
20049,0
20067,0
20190,1
20191,0
20192,0
20193,1
20194,1
20204,1
20205,1
20206,0
20207,1
20290,0
20291,1
20292,0
20381,0
20384,0
20530,0
20580,0
20692,0
20693,0
20694,0
20695,0
20696,0
20697,0
20698,0
20714,0
20782,0
20784,0
20785,0
20786,0
20787,0
20788,0
20838,0
20988,1
20989,1
21091,1
21106,1
21107,1
21156,0
21245,1
21321,0
21322,0
21421,0
21432,0
21435,0
21601,1
21683,0
21684,0
21704,0
21771,1
21842,1
21888,0
21889,0
21890,0
21891,0
21892,0
21893,0
21894,0
22109,0
22132,0
22133,1
22160,0
22325,1
22326,1
22327,1
22350,0
22383,1
22384,1
22387,0
22412,0
22423,0
22424,1
22437,0
22515,0
22516,0
22517,1
22518,0
22519,0
22521,0
22522,0
22523,0
22721,0
22862,0
22863,0
22950,0
22951,0
22953,0
23015,0
23017,0
23019,0
23024,0
23025,0
23026,0
23040,0
23062,0
23063,0
23064,0
23087,0
23131,1
23192,0
23256,0
23257,0
23258,0
23293,0
23294,0
23295,0
23415,0
23417,0
23454,0
23528,0
23537,1
23538,0
23554,0
23574,0
23605,0
23750,0
23771,1
23779,0
24003,0
24023,0
24025,0
24054,0
24716,0
24718,0
24728,0
24796,0
24797,1
24943,0
24944,0
24945,0
24947,0
24948,0
24949,1
24950,0
24952,0
24966,0
24967,1
24968,0
25021,0
25060,0
25067,0
25068,0
25209,0
25377,0
25378,0
25379,0
25380,0
25381,0
25382,0
25383,0
25384,0
25385,1
25386,0
25522,0
25523,1
25524,0
25525,0
25526,0
25527,1
25579,0
25580,0
25588,0
25590,0
25823,0
25824,0
25901,0
25903,0
25907,0
25908,0
25945,1
25946,1
26071,0
26267,0
26268,0
26269,0
26270,0
26272,0
26400,0
26904,0
26905,0
26906,0
26907,0
26909,0
26910,0
26911,0
26912,1
26913,0
26959,1
26969,0
26975,1
27073,0
27154,0
27232,0
27580,0
27931,1
28164,0
28165,0
28166,0
28167,0
28204,0
28221,1
28250,0
28251,0
28252,0
28253,0
28285,1
28286,0
28287,1
28288,1
28314,0
28376,0
28464,0
28500,0
28641,0
28775,0
28776,1
28807,0
28808,0
28809,0
29512,0
29522,0
29525,0
29606,0
29636,0
29639,0
29645,0
29647,0
29650,0
29867,0
29872,1
29932,0
29982,0
30033,0
30034,0
30168,0
30207,0
30307,0
30322,0
30324,0
30337,1
30338,1
30353,0
30371,0
30372,0
30373,0
30414,0
30444,0
30469,0
30475,0
30476,1
30547,0
30679,0
30787,0
30788,0
30789,0
30837,0
30838,0
30840,0
30950,0
31027,1
31039,0
31040,0
31154,0
31155,0
31156,0
31169,0
31225,0
31244,1
31250,1
31251,1
31252,1
31253,1
31256,0
31266,0
31274,0
31454,0
31455,0
31456,0
31487,0
31526,0
31541,0
31581,1
31640,0
31677,1
31747,1
31796,1
31798,0
31816,1
31821,0
31823,0
31828,1
31835,1
31884,0
31909,1
31972,0
31973,0
31990,0
32046,1
32165,0
32171,0
32175,1
32245,0
32255,0
32261,1
32262,1
32295,1
32310,0
32311,1
32330,1
32331,1
32394,0
32401,0
32405,0
32406,1
32407,1
32423,0
32479,1
32480,1
32489,0
32490,0
32491,0
32492,0
32493,0
32494,0
32495,0
32496,0
32497,0
32498,0
32499,0
32500,1
32511,0
32536,1
32537,1
32548,1
32550,1
32551,1
32571,0
32587,1
32588,1
32592,1
32745,1
32746,1
32797,0
32834,0
32840,0
32852,0
32855,1
32859,0
33195,1
33196,1
33256,1
33257,1
33314,0
33390,0
33391,0
33394,1
33395,1
33444,0
33446,1
33447,0
33448,0
33449,1
33481,1
33542,1
33639,1
33640,0
33641,0
33695,0
33721,0
33722,1
33772,0
33794,0
33827,1
33872,1
33936,0
33938,1
34094,0
34111,1
34112,1
34126,0
34127,0
34128,0
34129,0
34157,0
34165,1
34174,0
34178,0
34180,1
34193,0
34195,1
34196,1
34197,1
34218,0
34266,0
34267,0
34268,0
34269,0
34328,0
34329,0
34346,0
34347,0
34348,1
34363,0
34618,1
34619,1
34651,0
34652,0
34681,0
34773,1
34978,0
35027,1
35038,0
35053,1
35054,1
35057,0
35058,0
35112,1
35128,1
35129,1
35212,1
35289,0
35486,1
35538,1
35692,0
35722,0
35723,0
36044,0
36047,1
36050,0
36052,1
36056,0
36093,0
36321,0
36344,1
36478,0
36479,0
36480,0
36481,0
36482,0
36483,0
36484,0
36485,0
36486,0
36487,0
36596,1
36597,1
36602,0
36628,0
36734,1
36735,0
36736,0
36737,0
36739,0
36759,0
36865,1
36925,1
36926,0
36927,0
37209,0
37228,1
37231,1
37286,1
37739,1
37796,1
37797,0
37798,1
37799,0
37907,1
37908,0
37911,1
37928,0
37930,0
37931,0
38013,0
38016,0
38109,1
38110,0
38111,0
38112,0
38223,0
38224,0
38232,0
38237,0
38273,0
38274,0
38275,1
38278,0
38279,0
38282,0
38283,1
38287,0
38288,0
38289,0
38290,0
38291,0
38292,0
38296,1
38301,1
38303,1
38304,1
38305,0
38306,0
38365,0
38366,0
38388,0
38389,0
38390,0
38391,0
38392,0
38393,0
38394,0
38395,0
38396,1
38515,1
38558,1
38559,1
38560,1
38561,1
38562,1
38569,0
38571,0
38579,0
38580,0
38582,0
38584,0
38585,0
38589,0
38590,0
38591,0
38592,1
38640,0
38641,0
38642,0
38643,0
38647,0
38682,0
38683,0
38692,0
38694,0
38731,0
38732,0
38755,0
38756,0
38764,0
38765,0
38766,0
38879,0
38880,0
38881,0
38882,0
38883,0
38884,0
38885,0
38886,0
38887,0
38888,0
38892,0
38938,0
38977,1
39010,0
39011,0
39012,0
39374,0
39375,1
39418,0
39446,0
39472,0
39495,0
39496,0
39497,0
39498,0
39637,1
39648,0
39649,0
39650,0
39651,1
39652,1
39653,1
39658,0
39659,0
39671,1
39672,1
39673,1
39674,1
39675,0
39712,1
39728,0
39729,0
39730,0
39731,0
39732,0
39858,0
39859,0
39873,0
39894,1
39919,0
39920,0
39924,0
39925,0
39926,0
39927,0
39930,0
39931,0
39932,0
39933,0
39934,0
39941,0
39942,0
39943,0
39965,0
39973,0
39974,0
39975,0
39976,0
39977,0
39979,0
39980,0
39982,0
39983,0
39984,0
39985,0
39986,0
40110,0
40129,0
40130,1
40131,0
40132,0
40133,0
40175,0
40550,0
40551,0
40552,0
40565,0
40699,0
40700,0
40723,0
40822,1
40823,1
40824,1
40825,1
40826,1
40827,1
40828,1
40829,1
40830,1
40831,1
40832,1
40833,1
40834,1
40835,1
40836,1
40861,0
40862,0
40954,0
40969,0
40971,0
40973,0
40974,0
41032,0
41107,0
41169,0
41180,0
41181,0
41182,0
41190,0
41192,0
41300,0
41301,1
41302,0
41303,0
41313,0
41317,0
41320,0
41321,0
41357,0
41362,0
41363,0
41364,0
41365,0
41486,0
41487,0
41502,0
41503,0
41504,0
41719,0
41720,1
41740,0
41741,0
41742,1
41848,0
41849,0
41854,0
41855,0
41981,0
42051,0
42052,0
42099,0
42101,0
42116,0
42117,0
42140,1
42148,1
42191,0
42193,0
42194,0
42195,0
42198,1
42199,0
42200,0
42210,0
42211,0
42216,0
42217,0
42284,0
42366,0
42367,0
42540,0
42541,0
42542,0
42785,0
42786,0
42794,1
42797,0
42798,0
42799,0
42801,0
42802,0
42804,0
42805,1
42806,0
42813,0
42814,0
42815,0
42914,0
42915,1
42916,1
42917,1
42964,0
42965,0
43104,0
43114,0
43153,0
43357,0
43359,1
43423,0
43443,0
43444,0
43480,0
43549,1
43550,1
43553,0
43620,0
43694,0
43699,0
43708,0
43709,0
43710,0
43711,1
43713,0
43714,0
43716,0
43717,0
43722,1
43723,1
43724,0
43760,0
43778,1
43779,1
43817,0
43819,0
43822,0
43823,0
43824,0
43830,0
43831,0
43890,0
44048,0
44049,0
44050,0
44051,0
44052,0
44053,0
44054,0
44055,0
44063,0
44065,0
44066,0
44078,0
44079,0
44080,0
44088,0
44109,1
44110,1
44111,1
44122,0
44123,0
44125,0
44169,0
44170,0
44171,0
44186,0
44187,0
44188,0
44199,0
44205,0
44206,0
44207,1
44218,1
44223,0
44224,0
44225,0
44250,0
44277,0
44278,0
44279,0
44280,0
44289,0
44320,1
44322,0
44327,0
44329,0
44397,1
44402,0
44431,1
44432,0
44526,1
44529,1
44530,1
44534,1
44535,0
44549,0
44569,0
44570,1
44616,0
44626,1
44681,0
44682,0
44698,0
44710,0
44747,1
44881,0
44882,0
44883,0
44976,0
44977,0
44978,0
44981,0
45336,1
45435,0
45436,0
45437,0
45476,1
45477,0
45478,0
45479,1
45480,1
45481,1
45482,0
45485,0
45486,0
45487,0
45488,0
45539,0
45637,0
45904,1
45905,1
45906,1
45910,0
45922,1
45923,0
45986,0
45987,0
45990,0
45991,0
45992,1
45993,0
45994,0
45995,0
46068,0
46069,0
46084,0
46085,0
46190,0
46221,0
46222,0
46225,0
46226,0
46227,0
46228,0
46231,0
46232,0
46236,1
46237,0
46238,0
46307,0
46308,0
46343,0
46344,0
46345,0
46346,0
46347,0
46348,0
46349,0
46350,0
46351,0
46534,0
46563,0
46729,0
46805,1
46850,0
46851,1
46874,0
46903,0
46918,0
46938,0
46967,0
47051,1
47052,1
47181,0
47194,0
47229,0
47230,0
47254,0
47353,0
47360,0
47430,1
47431,0
47468,0
47469,0
47470,0
47494,0
47651,0
47683,1
47701,0
47702,0
47703,0
47704,0
47885,0
47886,0
48153,0
48154,0
48155,0
48156,0
48157,0
48158,0
48159,0
48160,0
48161,0
48263,0
48397,1
48398,1
48409,1
48412,0
48415,0
48416,0
48417,1
48418,1
48503,0
48519,0
48565,0
48567,0
48568,0
48603,0
48604,0
48644,0
48651,0
48652,0
48653,0
48677,0
48678,0
48703,0
48926,0
48927,0
48928,0
48972,0
48983,1
48988,1
48989,0
48995,0
48998,0
49084,1
49085,0
49086,1
49140,1
49142,1
49252,0
49407,1
49408,1
49409,1
49410,1
49485,0
49598,0
49610,1
49613,0
49661,0
49662,0
49768,0
49799,1
49803,1
49806,1
49807,1
49811,1
49850,1
49851,0
49852,0
49853,0
49982,1
50049,0
50050,0
50051,0
50054,0
50055,0
50056,0
50057,0
50058,0
50059,0
50060,0
50061,0
50062,0
50122,0
50123,1
50124,1
50125,0
50126,0
50346,1
50378,1
50422,0
50424,0
50495,1
50496,0
50497,1
50498,1
50586,0
50619,1
50677,0
50678,0
50679,0
50680,0
50852,0
50883,1
50884,1
50885,0
50913,1
50914,0
50915,0
50920,0
50933,0
50934,0
50935,0
51022,0
51023,0
51024,1
51027,1
51032,0
51034,0
51035,0
51036,0
51037,0
51094,1
51095,1
51213,1
51372,0
51373,0
51374,0
51384,1
51413,0
51475,1
51492,0
51493,0
51611,0
51631,0
51632,0
51649,0
51662,0
51680,0
51681,0
51688,0
51689,1
51691,1
51692,1
51693,1
51725,1
51728,0
51729,0
51730,0
52043,0
52044,1
52045,1
52046,0
52072,1
52073,1
52075,1
52076,0
52077,0
52102,0
52109,0
52114,0
52170,0
52171,1
52184,1
52185,1
52188,1
52189,0
52190,1
52191,1
52298,1
52379,1
52403,0
52404,0
52407,1
52417,0
52418,0
52419,0
52646,1
52755,0
52777,0
52778,1
52779,1
52788,0
52789,0
52790,0
52791,0
52833,1
52834,1
52835,1
52836,1
52857,1
52871,0
52872,0
52873,0
52874,0
52878,1
52879,1
52904,1
52905,1
53377,0
53382,1
53383,0
53394,1
53428,1
53431,1
53451,1
53483,1
53484,1
53493,0
53580,0
53581,0
53582,0
53590,1
53591,1
53613,1
53683,1
53690,1
53691,0
53693,1
53694,1
53695,1
53698,1
53699,1
53702,1
53703,1
53786,0
53797,0
53938,0
53939,0
54033,0
54034,0
54045,1
54046,1
54067,0
54161,1
54162,0
54187,0
54188,0
54194,0
54196,1
54197,0
54206,0
54207,0
54357,0
54358,0
54359,0
54374,1
54485,0
54486,0
54488,1
54523,1
54524,1
54525,1
54532,1
54535,1
54536,1
54537,1
54538,1
54539,0
54540,0
54545,1
54575,1
54577,0
54578,1
54579,1
54580,1
54581,1
54595,1
54639,1
54640,1
54747,1
54748,0
54753,0
54754,0
54801,1
54802,1
54803,1
54804,1
54805,1
54806,1
54808,0
54809,0
54810,0
54811,0
54812,0
54813,0
54814,0
54815,0
54816,0
54817,0
54818,0
54823,0
54856,0
54857,0
54858,0
54883,0
54884,0
54885,0
54898,0
54899,0
54900,0
54901,0
54902,0
54914,1
54916,1
54918,1
54919,1
54920,1
54936,0
54940,0
54941,0
54942,0
54943,0
54944,1
54945,0
54947,0
54948,1
54949,0
54950,1
54951,1
54956,0
54979,1
54980,1
55009,1
55017,1
55019,0
55091,0
55092,0
55093,0
55094,0
55095,0
55096,0
55097,0
55098,0
55099,0
55100,0
55107,0
55108,0
55109,0
55110,0
55111,1
55112,1
55113,0
55114,0
55115,1
55116,1
55117,1
55118,0
55119,0
55121,0
55122,0
55125,0
55167,0
55168,0
55169,0
55170,0
55171,1
55172,0
55173,0
55174,0
55175,0
55176,0
55177,0
55225,1
55239,0
55240,0
55251,1
55374,0
55375,0
55377,0
55379,0
55439,0
55440,0
55441,0
55442,0
55492,0
55493,0
55494,0
55495,0
55507,0
55508,0
55509,0
55510,0
55511,0
55512,0
55513,0
55514,0
55515,0
55516,0
55583,1
55656,0
55657,0
55658,0
55659,0
55660,0
55723,0
55728,0
55729,0
55730,0
55856,0
55857,0
55858,0
56133,0
56134,0
56135,0
56136,0
56165,1
56166,0
56167,0
56168,0
56169,0
56170,1
56171,0
56233,1
56276,0
56277,0
56292,1
56293,1
56294,0
56295,0
56301,1
56345,0
56361,0
56362,0
56366,0
56367,0
56368,0
56369,0
56370,0
56371,0
56382,0
56403,0
56404,0
56410,1
56411,1
56412,0
56413,1
56414,1
56415,0
56416,0
56418,0
56419,0
56508,0
56511,1
56512,1
56513,1
56519,0
56520,0
56522,1
56523,1
56545,1
56546,1
56549,1
56550,1
56552,1
56564,0
56565,1
56572,0
56609,0
56610,0
56611,1
56626,0
56636,0
56638,0
56639,0
56640,1
56712,0
56724,0
56745,0
56747,0
56748,0
56874,1
56875,0
56877,0
56878,0
56879,0
56907,1
56908,0
56909,0
56910,0
56927,0
56928,0
56929,0
56933,0
56934,0
56935,0
56936,0
56937,0
56938,0
56939,0
56940,0
56941,0
56942,0
56944,0
56945,0
56947,0
56948,0
56949,0
56950,0
56952,0
56953,0
56955,1
56956,0
56957,0
56958,0
56959,0
56960,0
56961,0
56962,0
56963,0
56964,0
57027,0
57028,0
57029,0
57030,0
57031,0
57032,0
57033,0
57034,0
57035,0
57044,0
57045,0
57046,0
57047,0
57048,0
57049,0
57050,0
57051,0
57052,0
57055,1
57056,0
57059,1
57060,1
57061,0
57062,0
57064,0
57065,0
57066,0
57067,0
57068,0
57069,0
57107,0
57109,0
57147,0
57271,1
57272,0
57324,0
57327,1
57581,0
57583,0
57604,0
57605,0
57607,0
57608,1
57609,1
57611,1
57613,1
57665,1
57668,1
57669,1
57670,0
57735,0
57777,0
57798,1
57799,1
57860,0
57912,1
57913,1
57924,0
57960,1
58157,0
58172,1
58173,0
58174,0
58179,0
58180,0
58181,0
58230,1
58231,1
58232,1
58233,1
58235,0
58236,0
58237,1
58238,0
58240,0
58264,0
58265,0
58266,0
58267,0
58268,0
58269,0
58270,0
58271,0
58272,0
58273,0
58274,0
58275,0
58276,0
58293,0
58364,1
58365,0
58386,0
58387,0
58388,0
58403,0
58404,0
58405,0
58406,0
58483,0
58496,0
58497,0
58498,0
58499,0
58500,0
58501,0
58507,0
58510,0
58511,0
58553,0
58554,0
58555,0
58556,1
58557,0
58558,1
58559,1
58560,0
58564,0
58647,0
58743,0
58828,0
58833,0
58834,0
58838,1
58858,0
58948,0
59005,0
59006,0
59028,0
59043,1
59071,0
59106,0
59136,0
59138,0
59176,0
59180,1
59196,0
59197,0
59198,0
59199,0
59200,0
59201,0
59234,1
59246,0
59290,0
59314,0
59444,0
59445,0
59446,0
59447,0
59448,0
59449,0
59450,1
59465,0
59492,1
59509,0
59562,0
59681,1
59726,1
59727,1
59728,0
59729,0
59765,0
59963,0
60033,0
60041,0
60049,0
60050,0
60051,0
60052,0
60074,0
60075,0
60081,0
60085,0
60086,0
60119,1
60133,0
60134,0
60135,1
60178,0
60179,0
60575,0
60576,0
60585,0
60586,1
60587,1
60588,1
60589,0
60590,0
60611,0
60637,0
60638,0
60639,0
60640,0
60687,0
60757,0
60758,0
60858,0
60974,0
61026,0
61027,0
61028,0
61029,0
61048,1
61076,0
61077,0
61180,0
61181,0
61182,0
61183,0
61184,0
61237,0
61238,0
61278,0
61311,0
61362,0
61363,0
61395,0
61396,0
61465,0
61496,0
61517,0
61518,0
61579,0
61580,0
61581,0
61582,0
61602,0
61603,1
61606,1
61629,0
61630,0
61631,0
61635,0
61636,0
61637,0
61638,0
61639,0
61640,0
61660,0
61661,0
61662,0
61684,0
61693,0
61697,1
61842,0
61843,0
61985,0
61986,0
61987,0
62021,0
62027,0
62028,1
62030,0
62031,0
62036,0
62057,0
62061,0
62063,0
62064,0
62065,0
62066,0
62166,0
62241,0
62255,0
62256,1
62258,0
62269,0
62276,1
62277,1
62278,0
62279,0
62280,1
62281,1
62310,0
62311,0
62312,0
62313,0
62487,0
62488,0
62489,0
62509,1
62510,0
62511,0
62512,0
62602,0
62620,0
62679,0
62683,0
62833,0
62834,0
62849,0
62850,0
62851,0
62856,0
62891,0
62892,0
62931,0
62932,0
62934,0
63105,0
63122,0
63220,1
63232,0
63248,0
63274,0
63275,0
63277,0
63354,0
63507,0
63583,0
63584,0
63585,0
63618,1
63693,0
63694,0
63695,0
63706,0
63707,0
63708,0
63709,0
63710,0
63716,1
63718,0
63719,0
63720,0
63721,0
63722,0
63723,0
63724,0
63725,0
63726,0
63729,1
63730,0
63732,0
63733,0
63734,0
63735,0
63736,0
63737,0
63738,0
63740,0
63741,0
63742,0
63745,0
63746,1
63747,0
63748,0
63749,0
63750,1
63755,0
63756,1
63758,0
63802,0
63803,0
63804,0
63806,0
63842,1
63846,1
63863,0
63864,0
63924,0
63925,0
63926,0
63966,0
63967,1
64099,0
64100,0
64120,0
64121,1
64122,0
64123,0
64142,0
64143,0
64144,1
64149,0
64159,0
64163,0
64164,0
64165,0
64166,0
64167,0
64168,0
64170,0
64172,0
64173,0
64174,0
64179,0
64184,0
64185,0
64186,0
64189,0
64190,0
64192,0
64193,0
64194,0
64195,0
64196,0
64197,0
64198,0
64199,0
64200,0
64201,0
64205,0
64206,0
64207,0
64208,0
64209,0
64310,0
64335,0
64395,0
64396,0
64397,0
64398,0
64415,0
64430,0
64464,0
64466,0
64467,0
64468,0
64471,0
64474,0
64485,0
64486,0
64490,0
64544,1
64610,0
64626,0
64830,0
65142,0
65246,0
65247,0
65250,1
65251,1
65252,0
65255,0
65262,0
65263,1
65266,1
65267,0
65269,0
65271,0
65277,0
65278,0
65279,0
65281,0
65298,1
65328,0
65330,0
65331,0
65332,0
65333,0
65335,0
65337,0
65338,0
65339,0
65340,0
65342,0
65344,0
65346,0
65353,0
65354,0
65355,0
65356,0
65357,0
65358,0
65395,1
65396,0
65454,0
65471,0
65472,1
65520,0
65537,0
65671,0
65672,0
65673,0
65674,0
65675,0
65676,0
65677,0
65712,0
65746,1
65747,0
65748,0
65751,0
65763,0
65811,1
65813,1
65878,1
65882,1
65888,1
65889,0
65929,1
65944,0
65946,0
65991,0
65993,0
65994,0
65995,0
66005,0
66011,0
66012,0
66013,0
66016,1
66019,1
66033,1
66034,0
66035,0
66046,0
66047,0
66052,1
66053,0
66093,1
66096,0
66104,0
66105,0
66151,0
66154,0
66155,0
66156,0
66157,0
66324,0
66349,0
66350,1
66351,0
66371,0
66373,1
66374,0
66402,0
66403,0
66415,1
66432,0
66472,0
66591,0
66592,0
66593,0
66594,1
66596,0
66597,0
66598,0
66599,0
66600,0
66620,0
66631,0
66643,0
66644,1
66719,0
66736,0
66737,0
66757,0
66758,0
66785,1
66921,0
66955,1
66968,1
66988,0
67191,0
67196,0
67261,0
67280,0
67418,0
67419,0
67420,0
67483,1
67685,1
67771,0
67828,0
67829,0
67832,0
67833,0
67883,0
67884,0
67885,0
67899,0
68032,0
68034,0
68062,0
68063,0
68146,0
68147,1
68148,0
68149,0
68150,0
68151,0
68152,0
68156,1
68376,0
68379,0
68380,0
68395,0
68471,0
68494,0
68495,0
68613,0
68637,0
68639,0
68642,1
68998,0
69004,0
69005,0
69006,1
69007,0
69078,1
69079,1
69081,1
69083,0
69084,0
69086,1
69087,1
69088,0
69089,0
69090,1
69091,0
69092,1
69093,0
69094,0
69095,1
69096,1
69097,1
69099,0
69101,0
69102,1
69103,1
69105,0
69106,0
69107,0
69108,1
69192,0
69203,0
69236,0
69237,0
69238,0
69239,0
69240,0
69241,0
69242,0
69243,0
69301,1
69305,0
69306,0
69311,0
69312,0
69313,0
69315,0
69339,0
69355,0
69356,1
69422,0
69528,1
69529,1
69530,0
69531,1
69532,1
69648,1
69654,1
69760,0
69761,1
69870,0
69871,0
69873,0
69874,0
69947,1
69960,1
69961,0
69962,1
69963,0
69964,0
69965,0
70092,0
70095,0
70098,1
70150,1
70269,1
70300,0
70301,1
70306,1
70307,0
70308,1
70322,0
70323,0
70324,0
70325,0
70326,0
70327,0
70804,0
70892,1
70946,0
70947,0
70948,0
70949,0
70950,1
70951,0
70952,0
70953,1
70954,1
70955,0
70956,0
70957,0
70958,1
70983,0
71046,1
71047,1
71048,1
71049,1
71050,1
71054,1
71055,1
71056,1
71113,0
71114,0
71116,0
71119,0
71120,0
71121,0
71126,0
71172,0
71173,0
71241,0
71294,1
71333,1
71334,0
71335,1
71336,0
71342,0
71376,1
71462,0
71500,0
71508,1
71687,0
71694,0
71696,0
71699,0
71700,1
71705,0
71706,1
71708,0
71709,1
71718,0
71734,0
71754,1
71761,0
71822,0
71823,0
71828,0
71829,1
71838,1
71861,0
71862,0
71863,0
71864,1
71865,1
71866,0
71913,0
71914,0
71964,0
72005,0
72006,0
72007,0
72008,0
72010,0
72011,0
72013,0
72014,0
72015,0
72016,0
72017,0
72044,0
72060,1
72212,0
72213,1
72214,1
72219,0
72220,0
72222,0
72224,1
72225,1
72226,0
72227,0
72228,0
72230,1
72233,1
72234,1
72241,0
72261,0
72263,1
72265,1
72266,1
72267,1
72268,1
72269,0
72270,1
72433,0
72512,1
72515,0
72516,0
72517,0
72518,0
72545,0
72546,1
72559,0
72696,1
72699,1
72718,1
72752,1
72756,0
72758,1
72762,0
72805,0
72811,1
72812,0
72827,1
72839,0
72843,1
72858,1
72933,1
72937,0
72947,1
73039,1
73078,0
73079,0
73080,0
73081,0
73082,0
73094,0
73097,0
73098,0
73099,0
73100,0
73101,0
73102,0
73103,0
73104,0
73105,0
73106,0
73107,0
73108,0
73109,0
73110,0
73111,0
73112,0
73113,0
73114,0
73115,0
73116,0
73124,0
73125,0
73126,0
73170,1
73181,0
73182,0
73187,0
73188,1
73205,0
73206,0
73211,1
73222,1
73253,0
73254,0
73257,0
73258,0
73273,0
73274,1
73276,0
73277,0
73281,1
73282,0
73354,0
73355,0
73356,0
73357,0
73358,0
73359,0
73360,1
73361,1
73367,0
73368,0
73369,0
73370,0
73386,1
73387,1
73392,1
73408,0
73418,0
73494,1
73495,0
73508,0
73509,1
73514,1
73516,0
73517,0
73518,0
73519,1
73529,0
73539,1
73542,1
73616,1
73617,1
73618,1
73747,0
73748,0
73751,0
73752,0
73753,0
74214,0
74215,0
74216,0
74217,0
74242,1
74244,1
74262,0
74264,0
74316,1
74318,1
74319,1
74364,1
74382,0
74383,0
74384,0
74409,0
74445,0
74462,0
74463,0
74466,0
74467,0
74468,0
74469,0
74470,0
74471,0
74474,0
74475,0
74477,0
74478,0
74479,0
74480,0
74481,0
74514,1
74516,0
74517,0
74823,0
74845,0
74847,0
74848,0
74909,0
74910,0
74911,0
74912,0
74922,0
74926,0
74939,1
74940,1
74943,1
74944,1
74945,1
74946,1
75049,1
75069,0
75070,0
75071,0
75073,0
75088,1
75092,0
75094,1
75095,0
75097,0
75098,0
75099,0
75167,1
75223,0
75224,0
75246,0
75247,0
75248,0
75249,0
75253,0
75254,0
75271,0
75272,0
75273,1
75299,0
75300,0
75306,0
75401,1
75625,0
75627,0
75628,0
75702,0
75703,0
75721,0
75833,1
75855,0
75860,0
75953,0
75962,0
75965,1
75966,1
75967,1
75968,1
75969,1
75970,1
75972,1
75977,0
76082,1
76083,1
76084,1
76095,0
76098,0
76191,0
76236,0
76237,1
76253,1
76260,0
76271,0
76272,0
76273,0
76275,0
76285,0
76286,0
76287,0
76322,0
76326,0
76367,0
76368,0
76369,0
76370,0
76371,0
76372,0
76407,0
76433,0
76434,1
76435,1
76436,1
76437,1
76438,1
76439,1
76441,1
76442,1
76443,1
76444,0
76448,0
76449,0
76683,0
76684,0
76685,0
76691,0
76714,0
76715,0
76726,0
76727,0
76819,0
76884,0
76903,0
76904,0
76917,1
76935,0
77244,1
77308,0
77309,0
77310,0
77460,0
77461,0
77462,0
77463,0
77465,0
77466,0
77467,0
77468,0
77469,0
77470,0
77471,0
77647,0
77648,0
77649,0
77652,0
77654,0
77655,0
77656,0
77657,0
77658,0
77659,0
77660,0
77661,0
77662,0
77663,0
77664,0
77665,0
77666,1
77667,0
77668,0
77669,0
77728,0
77747,0
77748,0
77749,0
77750,0
77779,0
77780,0
77781,0
77782,0
77783,0
77784,0
77785,0
77786,0
77787,0
77788,0
77789,0
77790,0
77910,0
77911,0
77912,0
77914,0
77915,0
77916,0
77918,0
77919,0
78094,0
78096,0
78097,1
78384,0
78389,1
78390,0
78409,0
78429,0
78491,0
78492,0
78497,0
78499,0
78500,0
78501,0
78502,0
78514,1
78529,0
78530,0
78531,0
78559,0
78648,1
78649,0
78650,1
78652,1
78656,0
78664,0
78665,0
78779,0
78780,0
78781,0
78782,1
78783,1
78784,1
78785,1
78786,0
78787,0
78788,0
78789,1
78790,0
78791,0
78792,1
78793,0
78794,0
78795,1
78796,1
78797,1
78798,1
78799,0
78800,0
78801,0
78802,0
78803,0
78804,1
78805,0
78806,0
78807,0
78808,1
78921,0
78922,0
78923,0
78924,0
78925,0
78926,0
79086,0
79087,0
79088,0
79089,0
79090,0
79120,0
79263,0
79264,0
79265,0
79266,0
79267,0
79268,0
79269,0
79270,0
79271,0
79272,0
79273,0
79274,0
79275,0
79276,0
79277,0
79562,0
79563,0
79564,0
79608,0
79614,0
79686,0
79687,0
79688,0
79701,0
79702,0
79703,0
79704,0
79705,0
79706,0
80078,1
80079,0
80287,0
80312,1
80313,0
80314,0
80315,0
80316,0
80317,0
80318,1
80397,1
80484,0
80485,0
80486,0
80487,0
80552,0
80603,0
80685,1
80688,0
80689,1
80703,1
80704,1
80705,1
80706,1
80707,0
80708,0
80709,0
80710,1
80711,1
80712,1
80713,0
80714,1
80715,1
80716,1
80717,1
80718,1
80719,0
80745,0
80752,0
80753,0
80754,0
80755,1
80757,0
80776,0
80783,0
80784,0
80785,0
80788,0
80789,1
80790,0
80791,0
80792,0
80793,0
80794,0
80846,1
81049,1
81050,1
81058,0
81068,0
81110,0
81153,0
81189,0
81209,0
81214,0
81269,1
81271,1
81272,0
81429,1
81430,0
81461,0
81462,0
81463,0
81464,0
81465,0
81466,0
81484,0
81485,0
81486,0
81487,0
81764,1
81765,1
81837,1
81862,1
81863,1
81871,0
81872,0
81873,0
81878,1
81879,0
81908,1
81909,0
81923,0
81924,0
82019,1
82024,0
82058,0
82171,0
82265,0
82266,0
82267,0
82268,0
82269,0
82270,0
82271,0
82307,1
82308,1
82317,0
82390,1
82393,0
82396,0
82539,1
82540,0
82541,1
82542,0
82571,0
82694,0
82807,0
82808,0
82899,0
82904,0
82905,0
82907,0
82908,1
82932,0
82933,0
83058,1
83059,0
83104,0
83105,0
83106,0
83279,0
83327,0
83905,1
83986,0
84539,0
84540,0
84541,0
84542,1
84687,0
84688,0
84794,1
84909,0
84910,0
85160,0
85161,0
85227,0
85362,0
85363,0
85364,0
85365,0
85423,0
86248,0
86262,0
86637,0
86638,0
86639,0
86640,0
86641,0
86642,0
86643,0
86644,0
86645,0
86646,0
86647,0
86648,0
86727,0
86728,0
86729,0
86730,0
86731,0
86732,0
86733,0
86734,0
86736,0
86737,0
86738,0
86739,0
86746,0
86747,1
86748,0
86749,0
86750,0
86751,1
86752,1
86753,1
86754,0
86755,0
86756,0
86762,0
86763,0
86764,0
86766,0
86767,0
86768,0
86769,0
86770,0
86771,0
86772,0
86927,0
86928,0
86929,0
86930,0
86931,0
86932,0
86934,0
86935,0
86936,0
86937,0
86940,0
86941,0
86943,0
86944,0
86954,0
86955,0
86956,0
86957,0
86958,0
86959,0
86960,0
86961,0
86962,0
86963,1
86964,0
86966,0
86967,0
86968,0
86969,0
86971,0
86972,0
87127,0
87128,0
87130,0
87307,1
87376,0
87404,0
87405,0
87406,1
87408,0
87456,1
87519,0
87520,0
87521,0
87522,0
87526,0
87527,0
87558,0
87613,0
87614,0
87615,0
87616,0
87617,0
87618,1
87785,0
87786,0
87939,0
87940,0
87941,0
87942,0
87943,0
87944,0
87949,0
87950,0
87951,0
87952,0
87953,0
87954,0
88225,0
88226,0
88408,1
88409,0
88568,0
88572,0
88573,1
88574,0
88575,0
88578,0
89054,0
89062,1
89067,0
89111,0
89284,1
89291,0
89438,0
89439,1
89440,1
89441,1
89442,0
89443,0
89444,1
89445,0
89488,1
89675,0
89676,0
89677,1
89679,0
89681,1
89682,0
89683,0
89684,0
89685,0
89686,0
89687,0
89689,0
89690,0
89724,0
89774,1
89947,0
89958,0
89959,0
89960,0
89961,1
89962,0
89963,0
89987,1
89988,1
90082,1
90083,0
90084,0
90085,0
90088,0
90090,0
90161,1
90170,0
90179,0
90297,0
90298,0
90337,0
90338,0
90339,0
90342,1
90343,1
90344,0
90345,0
90348,0
90350,0
90351,0
90352,0
90353,0
90355,0
90356,0
90357,0
90358,0
90359,0
90360,0
90361,0
90405,0
90406,0
90407,0
90411,0
90412,1
90415,0
90417,0
90420,0
90421,0
90422,0
90423,0
90635,0
90649,0
90844,0
90846,0
90847,0
90857,0
90896,0
91032,1
91134,0
91135,1
91136,0
91230,1
91231,0
91232,0
91237,0
91267,0
91268,1
91269,1
91270,1
91286,0
91287,0
91288,0
91289,0
91402,1
91448,0
91449,0
91450,0
91467,1
91476,0
91543,0
91552,0
91554,0
91557,0
91559,0
91746,0
91747,0
91748,0
91749,0
91750,0
91751,0
91752,1
91753,0
91754,0
91755,0
91756,0
91757,0
91758,0
91759,1
91760,0
91761,0
91762,0
91765,0
91908,1
91909,1
91973,1
91986,0
91987,0
91988,0
91989,0
91991,0
91992,0
91993,0
92345,0
92818,0
92819,0
92820,0
92821,0
92822,0
92823,1
92824,0
92825,0
92826,0
92846,0
92847,0
92891,0
92902,1
92992,0
92993,0
92994,0
92998,1
93055,0
93074,1
93337,0
93338,0
93339,0
93340,0
93342,0
93344,0
93345,0
93450,0
93452,1
93453,0
93640,1
93645,0
93647,0
93648,0
93649,0
93650,0
93651,0
93652,0
93653,0
93656,0
93657,0
93660,0
93661,0
93662,0
93663,0
93664,0
93665,0
93666,0
93667,0
93756,1
93849,1
94149,1
94216,0
94399,0
94400,0
94401,0
94402,0
94403,0
94404,0
94406,0
94407,0
94408,0
94409,1
94410,0
94411,0
94412,0
94413,0
94414,0
94415,0
94631,0
94632,0
94633,0
94635,0
94636,0
94637,0
94638,0
94763,0
94764,0
94765,0
94794,1
94795,1
94796,1
94826,0
94827,0
94828,0
94829,0
94830,0
94831,0
94833,0
94835,0
94836,0
94837,0
94914,1
95015,1
95026,0
95027,0
95028,0
95029,0
95030,0
95032,0
95033,1
95034,1
95035,1
95036,1
95050,1
95051,0
95067,0
95088,0
95089,0
95234,0
95254,0
95255,1
95256,1
95344,0
95488,1
95531,1
95533,0
95534,1
95537,1
95545,1
95546,1
95547,0
95548,0
95549,1
95550,0
95551,1
95552,1
95616,1
95625,0
95691,1
95692,0
95693,0
95694,0
95695,0
95699,1
95713,1
95714,1
95811,0
95815,0
95818,0
95819,1
95820,1
95821,1
95842,0
95843,0
95858,1
95943,1
95944,1
95945,0
95946,0
95948,0
95953,0
95954,0
95956,0
95957,0
95958,0
95960,0
96145,0
96174,1
96175,0
96179,1
96180,1
96181,0
96182,0
96183,1
96191,1
96346,0
96347,0
96408,0
96429,1
96462,0
96655,0
96656,0
96657,0
96757,0
96915,0
96916,0
96917,0
96918,1
96919,1
96920,0
96921,1
96922,0
96931,0
96933,1
96950,1
96954,1
96956,1
96959,1
96967,1
97374,1
97375,1
97376,1
97378,0
97379,1
97380,0
97381,0
97382,1
97387,0
97587,1
97588,1
97589,0
97590,1
97591,0
97599,1
97605,0
97606,0
97607,0
97659,1
97739,0
97973,1
98047,1
98118,0
98154,1
98192,0
98195,0
98201,1
98210,0
98211,0
98212,0
98223,0
98329,0
98330,1
98449,1
98452,1
98454,0
98470,1
98633,0
98645,1
98646,1
98647,1
98648,1
98703,1
98735,0
98736,1
98737,0
98738,0
98739,0
98849,0
98852,0
98854,0
98860,1
98930,0
98937,1
98940,1
98941,1
99001,1
99002,1
99080,0
99081,0
99082,0
99083,1
99084,1
99085,0
99157,0
99159,1
99160,0
99198,1
99199,1
99224,1
99225,0
99227,0
99228,0
99229,1
99231,1
99232,1
99233,1
99235,0
99236,1
99237,0
99435,1
99437,0
99448,0
99449,0
99450,0
99451,0
99452,1
99453,1
99687,1
100180,1
100181,0
100250,1
100263,0
100271,0
100274,0
100275,0
100276,1
100277,0
100278,0
100279,0
100301,0
100302,0
100388,0
100389,0
100390,0
100391,0
100506,1
100507,1
100839,0
100840,0
100842,0
100843,0
100860,1
100883,0
101236,1
101238,1
101247,0
101316,0
101317,0
101318,0
101319,0
101320,0
101322,0
101323,0
101338,0
101384,0
101385,0
101389,1
101408,1
101409,1
101410,1
101411,1
101412,1
101413,1
101418,0
101419,1
101420,1
101421,1
101422,1
101423,1
101454,1
101455,1
101456,1
101457,1
101458,1
101459,1
101460,0
101461,0
101870,0
101876,0
101885,1
101887,1
102045,0
102046,0
102067,0
102068,0
102069,0
102070,0
102071,0
102072,1
102073,0
102074,0
102075,0
102076,1
102077,0
102078,0
102079,0
102080,0
102081,0
102082,0
102083,0
102084,0
102085,0
102086,0
102087,0
102088,1
102089,0
102090,0
102091,0
102092,0
102093,0
102094,0
102113,0
102114,1
102244,0
102245,1
102552,1
102553,0
102558,0
102559,1
102666,0
102724,1
102805,1
102839,0
102840,0
102841,0
102843,0
102844,0
102847,0
102849,1
102852,0
102853,0
102854,1
102855,0
102857,0
102858,0
102860,1
102861,0
102863,1
102864,0
102867,0
102868,1
102871,0
102934,0
102936,1
102972,1
103026,0
103073,1
103190,1
103352,0
103353,0
103374,0
103375,0
103376,0
103556,0
103557,0
103558,0
103559,0
103560,0
103561,0
103562,0
103563,0
103589,0
103651,0
103671,0
103674,0
103951,0
103959,0
104014,1
104124,0
104189,0
104192,1
104205,1
104206,0
104207,1
104287,0
104322,0
104326,0
104385,1
104386,0
104387,0
104388,0
104389,0
104390,0
104391,0
104392,0
104393,1
104427,1
104428,1
104429,1
104430,1
104482,1
104483,1
104484,1
104485,1
104488,0
104492,1
104501,1
104505,1
104506,1
104519,0
104520,0
104521,0
104538,0
104539,0
104540,0
104541,0
104542,0
104543,0
104544,0
104545,0
104549,0
104552,0
104575,1
104583,0
104584,0
104585,0
104586,0
104603,0
104605,0
104606,0
104607,0
104608,1
104609,1
104625,0
104627,1
104628,0
104633,0
104634,0
104636,0
104649,1
104650,1
104652,0
104655,0
104656,0
104733,1
104743,1
104745,0
104756,1
104804,0
104805,0
104843,0
104875,0
104933,1
104936,0
104937,1
104998,0
105013,0
105026,0
105027,0
105029,0
105080,1
105083,0
105085,1
105086,0
105087,0
105219,0
105232,0
105233,0
105235,1
105236,1
105269,1
105270,0
105271,0
105272,1
105273,0
105274,0
105288,0
105311,0
105323,0
105360,0
105361,0
105362,0
105395,1
106205,0
106239,0
106272,0
106289,0
106491,0
106557,0
106558,1
106559,0
106560,0
106724,0
106848,0
106849,1
106859,0
107090,1
107092,1
107209,0
107211,0
107212,0
107213,0
107214,0
107215,0
107216,0
107223,0
107224,0
107225,0
107226,0
107518,0
107519,0
107520,0
107521,1
107522,1
107523,0
107577,0
107599,0
107600,0
107605,0
107606,0
107607,0
107608,1
107609,0
107610,0
107611,0
107612,0
107636,0
107638,1
107639,0
108042,0
108285,0
108355,0
108356,0
108357,0
108358,0
108359,0
108360,0
108362,0
108403,0
108404,0
108509,0
108541,0
108605,0
108656,0
108657,0
108696,1
108697,1
108759,1
108760,1
108761,1
108762,1
108763,1
108764,1
108765,1
108767,1
108768,1
108769,1
108770,1
108771,1
108772,1
108776,1
108777,1
108903,1
108959,0
109082,0
109083,0
109084,0
109086,0
109087,0
109088,0
109089,0
109091,0
109092,0
109098,1
109101,0
109115,0
109140,0
109152,0
109153,0
109154,0
109155,0
109156,1
109157,0
109230,0
109231,1
109232,0
109371,0
109372,0
109373,0
109374,0
109375,0
109376,0
109377,0
109484,0
109485,1
109657,1
110118,1
110119,0
110121,1
110122,0
110123,0
110124,0
110160,0
110161,0
110167,0
110378,0
110379,0
110380,0
110381,0
110575,1
110646,1
110686,0
110687,0
110688,0
110689,1
110690,1
110691,1
110692,0
110693,0
110694,0
110695,1
110740,0
110912,0
110913,0
110914,1
110915,0
110916,0
110917,1
110920,1
110921,1
110986,1
110987,1
110989,1
110990,1
110991,1
110996,0
110997,0
111000,0
111001,0
111002,0
111003,0
111004,0
111005,1
111006,1
111007,1
111011,1
111012,1
111013,1
111015,1
111017,1
111019,1
111021,1
111022,1
111023,1
111024,1
111026,1
111027,1
111028,1
111029,1
111030,1
111031,1
111032,1
111033,1
111034,1
111037,1
111040,1
111049,1
111051,0
111073,1
111078,1
111080,1
111081,1
111083,1
111084,1
111085,1
111086,1
111089,1
111090,1
111091,1
111092,1
111094,1
111095,1
111096,1
111102,1
111103,1
111104,1
111171,0
111172,0
111173,0
111174,0
111175,0
111176,0
111177,0
111178,0
111179,0
111180,0
111181,0
111182,0
111183,0
111184,0
111185,0
111201,0
111211,0
111212,0
111213,0
111393,0
111395,0
111396,0
111403,0
111405,0
111664,0
111666,0
111667,0
111668,0
111669,0
111737,0
111888,1
111947,0
111948,0
111949,0
112184,0
112187,0
112188,0
112199,1
112202,1
112203,1
112250,0
112252,0
112291,0
112397,1
112398,0
112535,1
112589,0
112627,0
112628,0
112662,0
112757,1
112758,1
112759,1
112760,0
112761,0
113146,0
113147,0
113148,0
113219,1
113318,0
113320,0
113321,0
113322,0
113323,0
113324,0
113325,0
113326,0
113327,0
113328,0
113329,0
113330,0
113331,0
113332,0
113333,0
113334,0
113335,0
113336,0
113337,0
113338,0
113339,0
113340,0
113341,0
113343,0
113344,0
113345,0
113346,0
113347,0
113348,0
113349,0
113351,1
113352,0
113353,0
113354,0
113355,0
113356,0
113358,0
113383,1
113387,0
113436,1
113437,0
113438,1
113439,1
113441,1
113442,1
113454,1
113456,1
113465,1
113469,0
113475,1
113486,0
113575,1
113576,1
113577,1
113578,1
113579,1
113580,1
113581,1
113600,0
113601,0
113979,1
113980,1
113981,0
113982,0
113997,0
113998,0
113999,0
114462,0
114492,0
114522,1
114621,1
114622,0
114623,0
114624,0
114625,0
114626,0
114627,0
114628,0
114629,0
114640,0
115345,1
115351,0
115406,0
115407,0
115408,0
115409,1
115410,0
115411,0
115412,0
115413,0
115414,1
115415,0
115416,0
115417,0
115418,1
115521,0
115533,0
115700,0
115701,0
115725,0
115870,1
115871,1
115872,0
116090,0
116220,1
116221,1
116222,1
116223,1
116228,1
116229,1
116230,1
116265,1
116266,0
116268,1
116398,0
116399,0
116428,0
116663,1
116667,1
116820,1
116845,0
116847,0
117048,0
117103,1
117146,1
117147,0
117150,0
117178,1
117260,1
117329,0
117406,0
117407,1
117408,1
117498,1
117501,0
117502,0
117503,0
117521,0
117560,1
117647,0
117650,0
117663,1
117668,0
117783,0
117784,0
117785,0
117786,0
117807,0
117817,1
117890,1
117891,0
117892,0
117894,1
118133,0
118134,0
118136,0
118212,1
118327,0
118329,0
118330,0
118331,0
118332,0
118333,0
118393,0
118419,0
118582,0
118583,0
118585,0
118592,1
118595,0
118596,0
118660,1
118738,0
118740,0
118741,0
118742,0
118743,0
118745,0
118768,0
118780,1
118788,0
118857,0
118858,1
118859,1
118898,1
118899,1
118901,0
118956,0
118957,0
118958,0
119003,1
119065,0
119125,0
119160,1
119173,0
119175,0
119300,1
119500,0
119501,1
120122,0
120123,0
120124,0
120125,0
120126,0
120147,1
120226,1
120325,1
120368,0
120374,0
120375,0
120377,1
120380,1
120383,1
120384,0
120385,0
120386,0
120387,0
120482,0
120587,1
120644,0
120645,1
120646,1
120779,0
120780,0
120803,0
120806,0
120807,0
120823,1
120830,1
120902,1
120905,1
120948,1
121109,0
121110,0
121112,1
121203,1
121208,0
121209,0
121212,0
121220,0
121221,0
121222,1
121223,0
121262,1
121263,0
121264,0
121292,1
121301,1
121302,1
121303,1
121304,1
121355,0
121356,0
121357,0
121359,1
121360,0
121361,0
121362,0
121363,1
121364,0
121367,0
121368,0
121369,0
121374,0
121377,0
121523,0
121524,0
121538,0
121539,0
121549,1
121550,1
121551,0
121552,1
121553,1
121554,1
121566,1
121567,0
121568,0
121569,0
121570,0
121571,1
121572,0
121573,0
121574,0
121576,0
121579,1
121762,0
121763,0
121764,1
121770,0
121887,1
121955,0
121956,1
121957,1
121958,0
121959,1
122063,0
122064,0
122065,0
122066,0
122067,0
122117,0
122175,1
122185,0
122186,0
122187,0
122188,0
122189,0
122190,0
122191,0
122194,0
122195,0
122196,0
122328,0
122588,0
122766,1
122789,0
122956,0
122997,1
122998,1
122999,1
123037,0
123039,0
123076,0
123125,0
123126,1
123142,0
123143,1
123144,1
123224,0
123225,1
123297,0
123303,0
123344,0
123398,0
123399,0
123440,0
123685,0
123688,1
123689,0
123690,0
123691,0
123703,0
123707,1
123718,0
123719,1
123720,1
123899,1
123920,1
123990,0
123993,1
123994,0
123995,0
123996,0
123997,0
124098,1
124119,0
124120,1
124181,0
124405,0
124484,1
124485,1
124486,1
124487,1
124488,1
124489,0
124490,0
124491,1
124492,0
124493,1
124494,1
124495,0
124586,0
124587,0
124588,0
124600,0
124603,0
124673,0
124674,0
124675,0
124676,0
124677,0
124678,0
124679,0
124680,0
124681,0
124682,0
124683,0
124684,0
124685,0
124686,0
124687,0
124688,0
124689,0
124690,0
124693,0
124694,0
124697,0
124698,0
124699,0
124700,0
124721,0
124733,0
124924,1
125070,0
125071,0
125072,0
125073,0
125118,0
125204,0
125211,0
125226,0
125227,0
125228,0
125229,0
125239,0
125241,0
125242,0
125243,0
125244,0
125247,0
125423,1
125424,1
125556,0
125557,0
125558,0
125559,0
125561,0
125562,0
125736,0
125740,0
125741,0
125742,0
125812,0
125813,1
125821,0
125875,0
126007,0
126036,0
126039,0
126040,0
126042,0
126046,0
126101,0
126105,1
126106,1
126152,0
126154,1
126156,0
126157,1
126158,0
126159,0
126163,1
126164,0
126165,0
126186,1
126191,0
126270,1
126271,1
126272,1
126274,1
126331,0
126332,0
126333,0
126334,0
126335,0
126336,1
126337,0
126340,0
126341,0
126388,1
126389,1
126430,0
126448,0
126544,0
126571,0
126607,0
126666,1
126758,0
126759,0
126760,0
126761,0
126762,0
126824,0
126825,0
126826,0
126827,0
126828,0
126831,0
126832,0
126833,0
126834,0
126838,0
126839,0
126840,0
126845,0
126846,0
126847,0
126848,0
126849,0
126850,0
126851,0
126853,0
126854,0
126855,0
126856,0
126858,0
126859,0
126861,0
126866,0
126917,1
126946,0
126947,0
127132,1
127133,0
127134,0
127170,0
127171,0
127172,0
127177,1
127178,0
127179,1
127180,0
127182,0
127183,0
127184,0
127185,0
127186,0
127190,1
127191,1
127192,0
127193,0
127194,0
127195,1
127199,0
127206,0
127207,0
127208,0
127209,0
127210,0
127228,0
127229,0
127230,0
127231,0
127233,0
127234,0
127236,0
127237,0
127238,0
127239,0
127240,0
127241,0
127244,0
127245,0
127246,0
127247,0
127248,0
127249,0
127250,0
127251,0
127259,0
127260,0
127261,0
127262,0
127263,0
127264,0
127266,0
127272,0
127273,0
127274,0
127275,0
127276,0
127277,0
127278,0
127279,0
127280,0
127281,0
127282,0
127284,0
127285,0
127286,1
127287,0
127288,0
127289,0
127290,0
127291,0
127293,0
127294,0
127295,0
127296,1
127297,0
127298,0
127299,0
127300,0
127301,0
127302,0
127303,0
127304,0
127305,1
127306,0
127307,0
127308,0
127309,0
127312,0
127313,0
127314,0
127317,1
127340,0
127341,0
127342,0
127343,0
127344,1
127345,0
127346,0
127347,0
127349,0
127350,0
127351,0
127352,0
127353,1
127354,0
127355,0
127356,0
127357,0
127358,0
127359,0
127360,0
127361,0
127362,0
127363,0
127364,0
127365,0
127366,0
127370,0
127371,0
127372,0
127373,0
127374,0
127375,0
127376,0
127377,0
127379,1
127380,0
127381,0
127382,0
127390,0
127433,0
127434,0
127435,0
127436,0
127437,0
127438,1
127439,0
127440,0
127441,0
127442,0
127443,0
127444,0
127445,1
127456,0
127508,0
127509,0
127510,1
127511,0
127512,0
127513,0
127514,0
127515,0
127516,0
127517,0
127518,0
127519,0
127521,0
127522,0
127523,0
127524,0
127525,0
127562,0
127563,0
127590,0
127605,0
127606,0
127607,0
127609,0
127610,0
127611,0
127612,0
127616,0
127617,0
127618,0
127619,0
127620,0
127621,0
127622,0
127623,0
127624,0
127625,0
127626,0
127627,0
127628,0
127629,0
127630,0
127631,0
127632,0
127633,0
127634,0
127635,0
127636,0
127637,0
127638,0
127639,0
127640,0
127671,0
127672,1
127673,1
127719,0
127720,0
127724,0
127725,0
127726,0
127727,0
127729,0
127736,0
127737,0
127796,0
127798,0
127799,0
127800,0
127801,0
127802,0
127833,1
127836,0
127838,0
127839,0
127841,0
127842,0
127843,0
127844,0
127851,0
127863,0
127890,1
127961,0
127996,0
127997,0
127998,0
127999,0
128000,0
128001,0
128003,0
128005,0
128007,0
128009,0
128010,1
128011,0
128013,0
128014,0
128015,0
128017,0
128043,0
128044,0
128050,0
128093,0
128104,0
128115,0
128116,0
128235,0
128239,0
128370,0
128372,0
128419,0
128446,0
128572,0
128573,0
128615,0
128616,0
128701,0
128702,0
128703,0
128704,0
128705,1
128706,0
128707,0
128712,0
128740,0
128914,0
128917,0
128938,1
128939,1
128940,0
129218,1
129454,0
129775,1
130015,0
130016,0
130069,0
130076,0
130087,0
130088,0
130089,0
130090,0
130135,0
130136,0
130148,0
130151,1
130474,0
130479,0
130483,1
130485,0
130542,1
130582,0
130585,0
130586,0
130685,0
130865,0
130866,0
130869,0
130871,0
130872,0
130874,1
130875,0
130968,0
131032,0
131105,0
131106,0
131107,0
131108,0
131111,0
131112,0
131113,0
131114,0
131129,0
131130,0
131131,0
131132,0
131133,1
131134,1
131135,0
131236,0
131237,0
131238,0
131239,0
131252,1
131253,0
131254,0
131356,0
131481,0
131483,0
131485,0
131488,0
131689,1
131712,0
131873,0
131919,1
131920,0
131980,0
131981,0
132010,0
132031,0
132045,0
132046,0
132047,0
132048,0
132049,0
132078,0
132108,1
132109,0
132110,0
132111,0
132129,0
132145,0
132175,0
132176,0
132228,0
132248,0
132277,0
132362,0
132363,0
132473,1
132534,0
132640,0
132823,0
132836,0
132852,0
132905,0
132933,0
132934,0
132936,0
132941,0
132945,0
132980,0
132982,0
132983,0
132984,0
132985,0
132986,0
132987,0
132988,0
132989,0
132991,0
132992,0
132993,0
132994,0
133083,0
133084,0
133085,0
133086,0
133087,0
133088,0
133090,0
133091,0
133092,0
133093,0
133094,0
133095,0
133096,0
133097,1
133446,1
133470,1
133471,0
133472,1
133473,0
133474,0
133494,1
133669,0
133670,0
133744,0
133745,0
133746,1
133747,0
133818,0
133879,0
134068,0
134077,1
134700,0
134780,0
134781,1
134888,0
134889,0
134890,0
134968,0
134970,0
134971,0
134972,0
134973,0
134974,0
134975,0
134979,0
134980,0
134982,0
134984,0
134985,0
134986,0
134988,0
135046,1
135122,1
135123,1
135135,0
135446,0
135471,0
135483,0
135488,1
135504,0
135537,0
135579,1
135661,0
135717,0
135718,0
135719,0
135720,0
135805,0
135811,0
135834,1
135835,1
135877,0
135878,0
135879,1
135942,0
136259,1
136280,0
136408,1
136473,0
136474,0
136475,0
136540,0
136605,0
136616,1
137072,1
137077,1
137078,0
137115,0
137150,0
137151,0
137153,1
137154,1
137155,1
137156,0
137235,0
137239,0
137289,1
137720,0
137736,0
137737,1
137738,0
137740,0
137836,0
137837,0
137838,0
137880,1
137884,1
137885,0
137886,0
137892,0
137893,0
137894,0
137957,0
137958,0
137960,0
137961,0
137963,0
137966,1
137968,0
137977,0
138014,0
138040,1
138160,0
138229,1
138235,0
138238,0
138239,0
138240,0
138241,0
138242,0
138243,0
138424,0
138432,0
138434,0
138459,0
138465,0
138466,0
138467,0
138650,1
139008,0
139093,0
139094,0
139095,0
139096,0
139097,0
139099,1
139100,0
139102,0
139104,1
139326,0
139327,0
139328,0
139337,0
139512,0
139767,0
139768,0
139769,0
139964,0
139967,0
139981,0
139986,0
139987,0
139988,0
140034,0
140039,0
140043,0
140044,0
140047,1
140075,0
140158,0
140198,1
140204,0
140330,0
140346,0
140350,0
140503,1
140581,0
140623,1
140638,1
140703,1
140704,1
140707,1
140710,0
140712,0
140720,0
140724,0
140728,0
140754,0
140776,0
140789,0
140790,0
140791,0
140792,0
140794,0
140795,0
140796,0
140797,0
140798,0
140799,1
140800,0
140801,0
140802,0
140803,0
140804,0
140805,0
140816,0
140817,0
140818,0
140819,0
140820,0
140821,0
140822,1
140823,0
140825,1
140826,0
140827,0
140828,0
140829,0
140830,0
140844,0
140845,0
140846,0
140874,0
141110,1
141144,0
141160,0
141161,0
141162,0
141163,0
141165,0
141166,0
141167,0
141168,0
141174,0
141175,0
141176,0
141177,0
141178,0
141179,0
141180,0
141181,0
141182,0
141255,0
141263,0
141285,0
141376,0
141378,0
141453,0
141596,0
141859,0
141977,0
141978,0
141990,0
141991,0
141992,0
142011,0
142293,0
142294,0
142295,0
142335,0
142905,0
143115,0
143284,1
143285,0
143292,0
143293,0
143294,0
143298,0
143299,0
143305,0
143306,0
143555,0
143623,0
143953,0
143954,0
143955,0
143956,0
143958,0
143960,0
143961,0
143962,0
143963,0
143964,0
144018,0
144019,1
144029,1
144059,0
144065,0
144066,0
144067,0
144068,0
144069,0
144070,0
144071,0
144075,0
144076,0
144077,0
144078,0
144084,0
144086,0
144123,0
144152,0
144153,0
144164,1
144260,0
144343,1
144512,0
144527,0
144891,0
144914,0
144941,0
145043,0
145045,1
145081,1
145082,1
145083,0
145092,1
145223,0
145262,1
145273,0
145274,0
145275,0
145365,0
145472,0
145473,0
145474,0
145479,0
145480,0
145481,0
145482,0
145484,0
145485,0
145486,0
145488,0
145490,0
145519,0
145520,0
145521,0
145522,0
145523,0
145524,1
145526,0
145528,0
145529,0
145530,0
145531,0
145535,0
145538,0
145539,0
145540,0
145545,0
145546,0
145550,1
145551,0
145552,0
145553,0
145554,0
145555,0
145556,1
145557,0
145575,1
145576,0
145777,0
146075,0
146191,0
146193,0
146194,0
146196,0
146197,0
146198,0
146199,0
146200,0
146201,0
146203,0
146210,0
146211,0
146212,0
146213,0
146217,0
146221,0
146223,0
146229,0
146272,0
146273,0
146274,0
146275,1
146276,0
146325,0
146326,0
146344,0
146346,0
146347,0
146359,0
146436,0
146690,0
146691,0
146692,0
146693,0
146695,1
146696,1
146697,0
146698,0
146699,1
146701,1
146702,1
146703,1
146706,0
146708,0
146709,0
146710,1
146711,1
146712,1
146713,1
146714,0
146715,1
146716,0
146743,0
146745,0
146750,0
146812,0
146835,0
146842,0
146843,0
146844,1
146845,0
146846,0
146847,0
146848,0
146849,0
146850,0
146851,0
146852,0
146853,0
146854,0
146855,0
146856,0
146857,0
146858,0
146860,0
146861,0
146862,0
146863,0
146864,0
146865,0
146866,0
146867,0
146868,1
146869,1
146870,1
146871,1
146914,0
146993,0
147013,0
147015,0
147030,0
147239,0
147240,0
147241,0
147245,0
147263,0
147266,1
147538,1
147582,1
147586,0
147599,0
147602,0
147636,0
147638,1
147639,1
147673,0
147678,0
147685,1
147760,1
147777,0
147794,0
147819,0
147863,0
147894,0
147899,0
147905,0
147911,0
147921,0
147922,1
147923,0
147924,0
147926,0
147927,0
147928,0
147929,0
147930,0
147931,0
147932,0
147933,0
147934,0
147935,0
147936,0
147937,0
147939,0
147940,0
147941,0
147942,0
147943,0
147944,0
147945,0
147946,0
147947,0
147948,0
147950,0
147951,0
147958,1
148034,0
148101,0
148143,1
148150,0
148154,0
148155,1
148171,0
148213,1
148226,1
148227,0
148228,0
148229,1
148230,1
148265,0
148288,0
148314,1
148326,0
148327,0
148355,0
148356,0
148410,0
148419,0
148422,0
148461,0
148643,1
148652,0
148813,0
148814,0
148817,0
148844,0
148870,1
148871,1
148872,1
148877,1
148878,1
148879,1
148942,1
149006,1
149007,1
149011,1
149041,0
149049,0
149065,1
149070,0
149073,0
149074,1
149077,0
149079,0
149083,0
149112,1
149138,0
149179,1
149186,0
149250,0
149251,0
149252,0
149253,0
149254,0
149275,0
149276,0
149292,0
149293,0
149294,0
149299,0
149326,0
149341,0
149352,1
149420,1
149455,0
149493,0
149742,1
149743,1
149748,1
149761,0
149762,1
149763,1
149816,0
149871,1
149925,0
149928,0
149929,0
149930,0
149931,0
149932,1
149976,1
149977,0
149989,0
150006,0
150028,0
150029,0
150042,1
150113,1
150161,0
150162,0
150163,0
150164,0
150165,0
150166,0
150167,0
150168,0
150169,0
150175,1
150189,1
150190,1
150191,1
150193,0
150194,1
150195,1
150196,0
150233,1
150328,0
150337,0
150338,0
150364,0
150408,0
150436,1
150534,0
150854,1
150856,0
150861,1
150865,1
150873,1
150881,0
150882,1
150888,1
150889,1
150946,0
150947,0
150948,0
150974,1
150975,1
150976,0
151189,0
151190,0
151192,0
151195,0
151241,1
151244,0
151254,0
151255,0
151381,0
151382,0
151383,0
151384,0
151385,0
151386,0
151388,1
151464,0
151550,1
151561,1
151598,1
151599,1
151773,1
151774,1
151775,1
151776,0
151777,0
151807,0
151808,0
151816,0
151829,1
151830,0
152039,0
152338,1
152394,1
152546,1
152548,0
152549,1
152584,0
152656,0
152662,1
152778,0
152804,0
152907,0
152938,0
152985,0
153126,0
153376,1
153407,0
153457,1
153486,0
153500,1
153501,1
153502,1
153503,1
153537,1
153538,0
153542,0
153543,0
153545,0
153552,0
153553,0
153567,0
153572,0
153575,0
154735,0
154794,0
154812,0
154911,0
154912,0
154913,0
154916,1
154917,1
154918,0
154919,1
154920,1
154921,1
154961,0
154976,1
155015,0
155048,0
155049,0
155050,0
155051,0
155093,0
155094,0
155095,0
155096,0
155097,0
155098,0
155111,0
155112,0
155113,0
155114,0
155116,0
155117,0
155118,0
155119,0
155120,0
155121,0
155123,0
155124,0
155125,1
155126,0
155127,0
155128,0
155129,0
155130,0
155131,0
155132,0
155143,0
155146,0
155179,0
155180,0
155181,0
155182,0
155192,0
155193,0
155194,0
155195,0
155196,0
155197,0
155198,0
155199,0
155200,0
155201,0
155202,0
155203,0
155204,0
155205,0
155206,0
155207,0
155208,0
155209,0
155210,0
155211,0
155212,0
155213,0
155214,0
155215,0
155216,0
155217,0
155218,0
155219,1
155220,1
155221,1
155222,1
155223,0
155224,0
155225,1
155226,1
155227,1
155228,0
155229,1
155230,0
155231,1
155232,1
155233,1
155234,0
155237,1
155239,0
155240,1
155241,0
155242,1
155243,1
155247,0
155248,1
155249,0
155250,0
155251,0
155252,1
155262,1
155263,0
155264,0
155265,1
155269,1
155270,1
155279,0
155280,1
155282,1
155283,0
155284,0
155285,0
155286,0
155287,1
155288,1
155290,1
155291,1
155292,1
155293,0
155295,0
155296,0
155297,0
155298,0
155299,1
155300,1
155301,0
155361,1
155379,0
155382,1
155383,0
155395,0
155396,0
155439,1
155619,0
155637,0
155638,0
155639,0
155641,0
155655,1
155719,1
155747,1
156017,0
156027,0
156034,0
156035,0
156036,0
156037,0
156039,0
156040,0
156041,0
156042,0
156043,0
156044,0
156046,0
156127,0
156142,0
156143,0
156144,0
156145,0
156146,0
156147,0
156149,0
156153,0
156190,1
156191,0
156196,0
156227,1
156354,0
156362,0
156363,0
156414,0
156415,0
156448,1
156523,1
156524,0
156525,1
156526,1
156594,0
156597,0
156606,0
156607,0
156608,1
156609,1
156619,1
156646,0
156647,0
156652,1
156653,0
156665,1
156666,1
156668,1
156673,0
156826,1
156905,0
156906,0
156938,1
156940,0
156945,1
156946,0
157162,1
157192,0
157193,1
157195,1
157204,0
157223,0
157227,0
157228,0
157240,0
157280,0
157284,0
157294,0
157305,0
157311,1
157312,1
157341,0
157369,1
157370,0
157371,1
157375,0
157376,0
157380,0
157381,0
157390,0
157391,0
157392,0
157393,0
157395,0
157397,0
157398,0
157403,1
157404,1
157462,0
157467,0
157468,0
157469,0
157470,0
157471,0
157472,0
157473,0
157474,0
157475,0
157511,0
157512,0
157513,0
157514,0
157515,0
157579,0
157580,1
157595,0
157596,0
157597,1
157598,1
157599,0
157600,0
157611,0
157642,0
157643,0
157644,0
157645,0
157646,0
157647,0
157648,0
157649,0
157650,0
157651,0
157652,0
157653,0
157678,1
157711,0
157713,0
157714,0
157726,1
157733,0
157735,0
157740,0
157742,1
157762,1
157767,1
157768,1
157769,1
157822,0
157828,0
157829,0
157830,0
157854,0
157861,0
157862,0
157863,1
157864,0
157883,0
157897,1
157899,1
157908,0
157909,0
157910,0
157911,0
157912,0
157913,0
157914,0
157915,0
158191,1
158434,0
158435,0
158438,1
158439,0
158591,0
158592,0
158593,0
158594,1
158595,0
158596,0
158597,1
158598,0
158599,0
158600,0
158601,0
158602,0
158603,0
158604,0
158605,0
158606,0
158607,0
158608,0
158609,0
158610,0
158611,0
158612,0
158613,0
158614,0
158627,0
158727,0
158742,0
158743,0
158746,1
158753,0
158782,0
159156,0
159164,0
159165,0
159166,0
159167,0
159168,0
159169,0
159170,0
159171,0
159172,1
159173,0
159329,1
159435,0
159436,1
159437,0
159438,0
159439,0
159440,0
159441,0
159442,0
159443,0
159444,0
159449,0
159465,0
159492,0
159493,0
159498,0
159500,1
159512,0
159513,0
159543,0
159548,1
159695,0
159986,0
159987,0
159988,0
159989,0
159997,0
159998,0
159999,0
160000,0
160004,0
160005,0
160006,0
160009,0
160010,0
160011,1
160012,0
160013,1
160014,1
160015,1
160016,0
160017,0
160018,0
160038,0
160039,0
160040,0
160041,0
160142,0
160241,0
160242,1
160361,1
160427,1
160469,1
160489,0
160514,1
160517,0
160518,0
160519,0
160520,1
160521,0
160522,0
160523,0
160524,0
160525,0
160526,0
160527,0
160528,0
160529,0
160530,0
160531,0
160532,0
160533,0
160534,0
160535,0
160536,0
160537,0
160538,0
160539,0
160540,0
160564,0
160565,0
160566,0
160567,0
160568,1
160569,1
160570,1
160572,1
160573,1
160574,1
160575,1
160576,1
160579,0
160582,0
160584,0
160677,1
160784,0
160897,0
160908,0
160910,0
160911,0
161017,0
161026,0
161129,0
161192,0
161231,0
161278,0
161345,0
161491,0
161503,0
161519,0
161579,0
161582,0
161583,0
161584,1
161604,0
161605,0
161606,0
161607,0
161608,0
161609,0
161610,0
161618,0
161619,0
161620,0
161621,0
161640,1
161642,1
161643,1
161651,1
161678,0
161681,0
161686,0
161812,0
161816,1
161870,0
161871,1
161878,0
161879,0
161880,0
161883,0
161886,0
161888,0
161889,0
161890,0
161893,0
161896,0
161897,0
161922,0
161923,0
161924,1
161927,0
161928,0
161929,0
161933,1
161971,0
161972,0
161980,1
162083,1
162084,0
162103,0
162127,0
162159,0
162180,1
162223,0
162224,0
162230,1
162332,0
162333,0
162350,0
162366,1
162450,0
162452,0
162487,0
162488,0
162489,0
162490,0
162491,0
162558,1
162559,1
162561,1
162562,1
162563,1
162565,1
162578,0
162579,0
162625,0
162627,0
162628,0
162629,0
162648,1
162662,0
162663,0
162665,0
162666,0
162667,0
162676,0
162682,0
162683,0
162684,0
162685,0
162686,0
162687,0
162688,0
162689,0
162690,0
162691,0
162692,0
162693,0
162694,0
162695,0
162696,0
162706,0
162710,0
162711,0
162712,0
162713,0
162717,0
162719,0
162720,1
162721,0
162722,0
162727,0
162729,0
162731,0
162732,0
162733,0
162734,0
162736,1
162738,0
162741,0
162743,1
162744,1
162748,0
162749,0
162750,0
162752,0
162753,0
162768,0
162818,0
162819,0
162854,0
162879,1
162881,1
163115,1
163116,0
163120,0
163124,0
163163,1
163264,0
163327,0
163432,0
163434,0
163454,0
163463,0
163499,1
163688,0
163727,1
164053,0
164062,1
164118,0
164119,0
164120,0
164162,0
164163,0
164164,0
164165,0
164166,0
164167,0
164168,0
164169,0
164171,0
164172,1
164174,0
164175,1
164176,0
164177,0
164178,0
164179,0
164180,1
164181,0
164182,0
164183,0
164184,0
164185,0
164186,0
164187,0
164188,0
164189,0
164191,1
164192,0
164194,0
164205,0
164206,0
164373,0
164374,0
164375,0
164376,0
164377,0
164378,0
164379,0
164380,0
164385,1
164656,0
164694,0
164810,0
164811,1
164828,0
164829,0
164844,0
164847,0
164875,1
164876,1
164877,1
164880,1
164903,0
164922,0
164923,0
164924,1
164925,0
164926,0
164927,1
164928,0
164929,0
164939,0
165019,0
165034,0
165048,1
165108,0
165112,0
165113,0
165120,0
165126,0
165156,0
165157,0
165166,0
165170,0
165182,0
165183,0
165184,0
165185,0
165211,0
165265,0
165279,1
165280,0
165281,0
165284,0
165285,0
165287,0
165288,0
165289,0
165339,1
165340,0
165342,0
165364,1
165385,0
165386,0
165388,0
165527,1
165568,0
165580,1
165746,0
165749,0
165771,0
165807,0
165808,0
165812,0
165856,1
165877,0
165932,0
165935,0
165936,0
165994,0
165995,0
165996,0
165997,0
165998,0
166041,0
166100,0
166101,0
166170,0
166174,0
166175,1
166203,0
166204,0
166221,0
166259,0
166260,0
166261,0
166262,0
166330,0
166386,0
166426,0
166427,0
166479,1
166481,0
166490,0
166661,0
166698,0
166715,0
166716,0
166717,0
166816,0
166894,0
166899,1
167033,0
167034,0
167057,0
167061,0
167063,0
167064,0
167084,0
167091,0
167104,0
167105,1
167154,0
167206,1
167207,1
167245,1
167304,0
167357,0
167359,0
167361,0
167363,0
167364,0
167365,0
167370,0
167374,1
167400,1
167401,1
167403,0
167404,0
167406,0
167434,1
167479,0
167501,0
167518,1
167569,0
167804,1
167863,0
167896,0
168048,0
168049,0
168050,0
168051,0
168052,0
168054,0
168055,0
168056,0
168057,0
168058,0
168059,0
168074,0
168075,0
168083,0
168088,0
168107,0
168157,0
168205,0
168440,0
168490,0
168555,1
168674,0
168690,1
168693,0
168697,0
168713,0
168772,0
168774,0
168775,0
168776,1
168791,0
168810,0
168811,0
168824,0
168894,0
168895,0
168896,0
168897,0
168899,0
168900,0
168901,0
168906,0
168968,0
169021,1
169024,1
169031,1
169037,0
169038,1
169041,0
169048,0
169077,1
169080,0
169081,0
169091,0
169092,0
169093,0
169094,0
169096,0
169097,0
169098,1
169099,0
169100,0
169101,0
169102,0
169103,0
169104,0
169128,1
169129,1
169134,1
169135,1
169139,0
169152,0
169154,0
169157,0
169158,0
169159,0
169181,0
169230,0
169231,0
169234,0
169236,0
169249,0
169255,0
169257,0
169280,0
169282,0
169283,0
169284,0
169286,0
169300,1
169302,0
169316,0
169351,0
169352,0
169378,0
169466,0
169470,0
169534,0
169559,0
169560,1
169561,1
169562,1
169575,0
169576,0
169603,0
169620,0
169621,1
169625,0
169637,0
169698,0
169763,0
169860,0
169883,0
169923,0
169924,0
169925,0
169926,0
169947,1
170000,0
170023,0
170247,0
170260,0
170261,0
170338,0
170371,0
170414,0
170426,0
170465,0
170470,0
170481,0
170482,0
170545,0
170563,0
170564,1
170565,0
170582,0
170584,0
170599,0
170796,0
170797,0
170798,0
170835,0
170930,1
170950,1
170954,0
170984,0
171004,0
171005,0
171006,0
171007,0
171008,0
171015,0
171016,1
171017,0
171019,0
171040,0
171165,0
171175,0
171176,0
171182,0
171184,0
171187,0
171195,0
171241,0
171305,0
171388,0
171406,0
171425,1
171427,0
171462,0
171463,1
171475,0
171477,0
171478,0
171513,1
171608,0
171647,0
171746,0
171750,0
171823,0
171984,0
172053,0
172166,1
172167,1
172314,0
172315,0
172355,0
172439,0
172440,0
172441,0
172442,0
172443,0
172445,0
172446,0
172448,0
172449,1
172451,0
172452,0
172453,0
172454,1
172455,0
172456,0
172460,0
172519,0
172520,0
172521,0
172592,1
172593,0
172630,0
172636,0
172643,0
172649,0
172666,0
172687,0
172767,0
172768,0
172769,0
172773,0
172780,1
172864,1
172872,0
172883,0
172922,0
172938,0
172978,1
172997,0
173098,0
173131,0
173183,0
173185,1
173190,0
173192,0
173193,0
173194,0
173195,0
173196,0
173337,1
173411,0
173442,1
173444,1
173445,1
173446,0
173447,1
173498,0
173841,1
173865,1
173866,1
173888,0
173889,1
173890,0
173891,0
173892,0
173893,0
173894,1
173895,0
173896,0
173897,0
173898,0
173899,1
173900,0
173901,0
173902,0
173903,1
173904,1
173905,1
173906,0
173907,0
173916,0
173998,0
174011,1
174021,0
174026,1
174029,1
174030,0
174035,0
174036,0
174039,0
174040,0
174042,0
174043,0
174091,0
174092,0
174093,0
174095,1
174229,0
174237,0
174276,1
174469,0
174495,0
174496,0
174590,0
174644,0
174645,0
174646,0
174774,0
174775,0
174776,0
174777,0
174860,0
174879,0
174880,0
175020,1
175040,0
175141,0
175142,0
175143,0
175144,0
175296,1
175528,0
175603,0
175604,0
175613,0
175680,0
175681,0
175682,1
175894,0
175904,0
175965,0
176022,0
176025,0
176028,1
176029,1
176049,0
176086,0
176087,0
176089,0
176090,1
176096,0
176105,1
176113,0
176124,0
176132,0
176136,1
176137,0
176175,0
176181,0
176241,1
176242,0
176243,0
176244,0
176245,1
176246,1
176247,0
176250,0
176251,0
176252,0
176264,1
176281,1
176282,0
176589,0
176591,1
176592,0
176593,0
176594,0
176595,0
176628,0
176786,1
176963,1
176965,1
176966,1
177137,0
177139,0
177140,0
177183,0
177189,0
177190,0
177240,1
177300,0
177301,0
177437,1
177466,0
177604,1
177605,1
177610,1
177645,0
177784,1
177858,0
177859,0
177860,0
177861,0
177865,0
177866,0
177887,0
177891,0
177957,0
177982,0
178016,0
178020,0
178022,0
178023,0
178150,0
178198,0
178219,0
178423,0
178424,1
178425,0
178426,0
178427,0
178428,0
178485,1
178652,0
178686,0
178825,0
178826,0
178827,0
178828,0
178829,0
178857,0
178878,1
178888,0
178908,0
178909,0
179046,0
179047,0
179335,1
179342,1
179344,1
179346,1
179351,0
179353,0
179355,0
179356,0
179360,0
179388,0
179389,1
179390,0
179501,1
179502,1
179503,1
179504,1
179505,1
179506,1
179601,0
179602,0
179604,0
179606,0
179607,1
179652,0
179678,0
179738,0
180018,0
180024,0
180025,0
180050,0
180089,0
180159,0
180160,0
180172,0
180173,0
180174,0
180223,0
180235,1
180448,0
180530,0
180532,0
180534,0
180536,0
180540,0
180541,0
180542,0
180543,0
180544,1
180617,0
180618,0
180650,0
180661,1
180744,0
180749,0
180897,1
180920,0
181026,0
181071,0
181096,0
181187,0
181188,0
181232,1
181292,0
181357,1
181362,0
181394,1
181397,0
181398,1
181399,1
181400,0
181401,0
181406,0
181408,0
181412,0
181419,1
181606,0
181868,0
181927,0
181928,0
181929,0
182049,1
182093,0
182314,1
182397,0
182399,0
182524,1
182525,0
182530,0
182531,0
182532,0
182541,1
182543,1
182696,1
182740,1
182800,0
182872,0
183162,0
183181,1
183448,1
183449,1
183456,0
183654,0
184147,0
184148,0
184191,1
184192,0
184193,1
184195,1
184196,1
184197,1
184199,1
184200,1
184201,0
184202,1
184203,0
184204,0
184205,1
184206,0
184207,1
184208,1
184209,0
184212,0
184213,0
184214,1
184215,1
184216,1
184217,1
184218,1
184219,0
184220,0
184221,0
184222,1
184226,0
184227,0
184228,0
184229,0
184230,0
184231,0
184232,0
184233,0
184234,0
184235,0
184236,0
184237,0
184270,0
184271,0
184273,0
184277,0
184278,1
184349,1
184354,0
184355,0
184356,0
184448,0
184463,1
184491,0
184563,1
184595,0
184622,0
184633,0
184634,0
184635,0
184636,0
184638,0
184639,0
184640,0
184641,0
184659,0
184731,0
184749,1
184751,1
184796,1
184798,1
184818,1
184821,1
184823,1
184950,0
185118,0
185119,0
185120,1
185121,0
185122,0
185127,0
185128,0
185129,0
185131,0
185132,0
185133,0
185137,0
185139,0
185140,0
185141,0
185142,0
185148,0
185150,0
185151,0
185152,0
185172,0
185198,0
185225,0
185240,0
185364,1
185373,0
185374,0
185375,0
185525,1
185529,0
185552,0
185762,0
185795,0
185802,1
185902,0
185988,0
186094,1
186316,0
186329,1
186331,0
186332,1
186333,0
186335,0
186337,0
186338,0
186339,1
186340,0
186341,0
186363,0
186416,0
186423,0
186517,0
186518,0
186700,0
186730,1
186771,1
186860,1
186944,0
186998,1
186999,1
187000,1
187001,1
187002,0
187003,0
187004,0
187005,1
187006,1
187007,0
187008,0
187009,0
187010,1
187075,0
187078,0
187079,0
187090,0
187122,0
187125,0
187126,0
187127,0
187128,0
187129,0
187130,0
187131,0
187132,0
187133,0
187134,0
187135,0
187208,0
187209,0
187210,0
187300,0
187367,0
187473,1
187507,0
187560,1
187576,1
187586,0
187595,1
187611,0
187645,1
187653,0
187654,0
187655,0
187656,0
187657,0
187658,1
187660,1
187662,0
187701,1
187731,0
187732,0
187763,1
187772,0
187776,0
187829,1
187832,0
187833,0
187863,0
187934,0
187938,0
187939,0
187942,1
187943,1
188025,1
188031,0
188065,1
188066,1
188083,0
188089,0
188140,0
188145,0
188170,0
188171,0
188172,0
188173,0
188174,0
188246,0
188252,1
188261,1
188367,0
188465,0
188469,0
188470,0
188471,0
188472,0
188473,0
188477,0
188494,0
188508,0
188509,0
188510,0
188619,1
188686,0
188687,0
188699,1
188700,1
188701,1
188703,1
188704,1
188706,1
188707,1
188719,1
188781,1
188812,1
188816,1
188820,0
188821,0
188822,0
188825,1
188937,0
188938,0
188940,0
188955,0
188973,1
189180,1
189214,1
189235,0
189236,0
189237,0
189268,0
189324,1
189470,1
189508,1
189509,1
189517,1
189518,0
189583,0
189694,0
189695,0
189696,0
189697,0
189698,0
189699,0
189809,0
189810,0
189811,0
189812,0
189821,0
189822,0
189823,0
189830,0
189842,0
189843,0
189844,0
189845,0
189846,1
189847,0
189848,0
189849,0
189850,1
189851,0
189852,1
189853,1
189854,0
189855,1
189856,0
189862,0
189865,0
189868,1
189973,1
190037,1
190526,1
190528,0
190573,1
190606,0
190625,1
190653,0
190680,1
190681,1
190682,0
190683,0
190693,0
190694,0
190695,0
190696,0
190697,0
190699,0
190700,0
190701,0
190702,0
190704,0
190734,0
190896,0
190951,0
190958,1
190970,0
191015,1
191088,0
191090,0
191091,0
191092,0
191201,0
191274,0
191277,0
191287,0
191288,0
191295,0
191296,0
191298,0
191349,0
191350,0
191373,0
191429,0
191433,1
191450,0
191484,0
191517,0
191518,0
191519,1
191667,1
191737,1
191738,1
191739,1
191740,0
191741,0
191742,1
191743,1
191744,1
191745,0
191746,0
191747,0
191911,0
191912,0
191913,0
191914,0
191915,0
191916,0
191917,0
191918,0
191919,0
191920,0
191923,0
191924,0
191925,0
191926,0
191927,0
191928,0
191929,0
191934,0
191991,1
192092,1
192141,0
192149,0
192150,1
192151,1
192152,1
192153,1
192190,0
192261,0
192269,1
192289,0
192290,0
192297,0
192352,0
192353,0
192382,0
192413,1
192525,0
192592,0
192595,0
192599,0
192600,1
192601,1
192648,1
192653,1
192677,0
192679,0
192681,0
192766,1
192787,1
192788,0
192789,0
192790,0
192863,0
193032,1
193347,0
193480,0
193481,1
193482,1
193483,1
193592,0
193761,0
193799,1
193800,1
193801,0
193802,0
193803,0
193885,0
193889,0
194224,0
194231,0
194295,1
194303,0
194304,0
194364,0
194366,1
194367,0
194368,1
194370,1
194372,0
194488,0
194489,0
194490,0
194578,1
194673,1
194674,0
194675,1
194676,0
194705,0
194713,0
194714,0
194743,1
194791,1
194801,0
194843,0
194844,0
194848,0
194849,0
194851,1
194868,0
195071,0
195090,1
195198,1
195221,1
195290,0
195291,0
195292,0
195293,0
195294,0
195310,1
195311,1
195317,0
195318,0
195343,0
195405,0
195409,0
195459,0
195462,1
195487,0
195529,0
195597,0
195598,0
195739,0
195862,0
